evaluation,precision,recall,accuracy,f1_score,log_loss,roc_auc,brier_score
noURL_1,0.9642507345739472,0.9845,0.974,0.9742701632855022,0.11251076798579662,0.9943273749999999,0.023486049999999998
noURL_2,0.9642507345739472,0.9845,0.974,0.9742701632855022,0.11256839315599121,0.994329625,0.023486624999999997
noURL_3,0.9648375066595631,0.9863834422657952,0.97725,0.9754915162941018,0.10772106137018951,0.99499862072576,0.021187575000000004
noURL_4,0.9623287671232876,0.9835,0.9725,0.9727992087042532,0.13336287459515864,0.993011625,0.025073474999999994
noURL_5,0.9633610161211529,0.986,0.97425,0.9745490486780332,0.10271692588421805,0.9950001249999999,0.023035724999999996
