evaluation,precision,recall,accuracy,f1_score
noURL,0.9704142011834319,0.984,0.9761101012723968,0.9771598808341608
URL_Q=100,0.998003992015968,1.0,0.999,0.999000999000999
